Oddschecker,Smarkets,Combined
Accrington,accrington stanley,Accrington
AFC Wimbledon,afc wimbledon,AFC Wimbledon
Ajax,ajax,Ajax
Arsenal,arsenal,Arsenal
Aston Villa,aston villa,Aston Villa
Barnsley,barnsley,Barnsley
Barrow,barrow,Barrow
Birmingham,birmingham city,Birmingham
Blackburn,blackburn rovers,Blackburn
Blackpool,blackpool,Blackpool
Bolton,bolton wanderers,Bolton
Borussia Dortmund,borussia dortmund,Borussia Dortmund
Bournemouth,bournemouth,Bournemouth
Bradford,bradford city,Bradford
Brentford,brentford,Brentford
Brighton,brighton,Brighton
Bristol City,bristol city,Bristol City
Bristol Rovers,bristol rovers,Bristol Rovers
Burnley,burnley,Burnley
Burton,burton albion,Burton
Cambridge,cambridge united,Cambridge
Cardiff,cardiff city,Cardiff
Carlisle,carlisle united,Carlisle
Chelsea,chelsea,Chelsea
Cheltenham,cheltenham town,Cheltenham
Colchester,colchester united,Colchester
Coventry,coventry city,Coventry
Crawley,crawley town,Crawley
Crystal Palace,crystal palace,Crystal Palace
Derby,derby county,Derby
Dinamo Zagreb,dinamo zagreb,Dinamo Zagreb
Doncaster,doncaster rovers,Doncaster
Everton,everton,Everton
Exeter,exeter city,Exeter
Fleetwood,fleetwood town,Fleetwood
Forest Green,forest green rovers,Forest Green
Fulham,fulham,Fulham
Gillingham,gillingham,Gillingham
Granada,granada cf,Granada
Grimsby,grimsby town,Grimsby
Harrogate,harrogate town,Harrogate
Huddersfield,huddersfield town,Huddersfield
SD Huesca,huesca,SD Huesca
Hull,hull city,Hull
Ipswich,ipswich town,Ipswich
Leeds,leeds united,Leeds
Leicester,leicester city,Leicester
Levante,levante ud,Levante
Leyton Orient,leyton orient,Leyton Orient
Lincoln,lincoln city,Lincoln
Liverpool,liverpool,Liverpool
Luton,luton town,Luton
Man City,manchester city,Man City
Man Utd,manchester united,Man Utd
Mansfield,mansfield town,Mansfield
Middlesbrough,middlesbrough,Middlesbrough
Millwall,millwall,Millwall
MK Dons,milton keynes dons,MK Dons
Morecambe,morecambe,Morecambe
Newcastle,newcastle united,Newcastle
Northampton,northampton town,Northampton
Norwich,norwich city,Norwich
Nottingham Forest,nottingham forest,Nottingham Forest
Oldham,oldham athletic,Oldham
Oxford,oxford united,Oxford
Peterborough United,peterborough united,Peterborough United
Plymouth,plymouth argyle,Plymouth
Port Vale,port vale,Port Vale
Portsmouth,portsmouth,Portsmouth
Preston,preston north end,Preston
Reading,reading,Reading
Real Madrid,real madrid,Real Madrid
Rotherham,rotherham united,Rotherham
Salford,salford city,Salford
Scunthorpe,scunthorpe united,Scunthorpe
Sheffield Utd,sheffield united,Sheffield Utd
Sheffield Wednesday,sheffield wednesday,Sheffield Wednesday
Shrewsbury,shrewsbury town,Shrewsbury
Southampton,southampton,Southampton
Southend,southend united,Southend
Stevenage,stevenage,Stevenage
Stoke,stoke city,Stoke
Sunderland,sunderland,Sunderland
Swansea,swansea city,Swansea
Swindon,swindon town,Swindon
Tottenham,tottenham hotspur,Tottenham
Tranmere,tranmere rovers,Tranmere
Villarreal,villarreal,Villarreal
Walsall,walsall,Walsall
Watford,watford,Watford
West Brom,west bromwich albion,West Brom
West Ham,west ham,West Ham
Wigan,wigan athletic,Wigan
Wolves,wolverhampton,Wolves
Wycombe,wycombe wanderers,Wycombe